"relative_path","size_bytes","sha256"
"canonical_reference\diagnosis.csv","51698481","99c86c5f7405eeec62cb27be2234e917c7181093f75ce15c9801bb048a52054a"
"canonical_reference\examination.csv","14519870","cc5dc34f1b445c119d49fe4ac07a3d9fb01cd96efbfc25461a9c517893594afb"
"canonical_reference\laboratory.csv","235998388","00b01df65b5402569432cc95ff235dc3929de4f0ec148765ab50339d6f29c31c"
"canonical_reference\medication.csv","111841669","3c8042a2a6e2146f8f2082406ea41b5fd5cc93e20b3129850c421102a286b5b6"
"canonical_reference\patient.csv","918161","f3f582e03cd72c1ec32c0f53344e06580aaa8c3d2d14570531c702003e60d6df"
"canonical_reference\visit.csv","12492341","2f8094681648d3a0b19f1f434e232681325937e6c4b63d072984332991265224"
"phase3_final_test\seed_142\corruption_20\evaluation_reference\negative_state_sample_summary.csv","699","1263ec29d95a8bffc14253789baa09073a8e518b4aea7a929c4c24d0cd420a11"
"phase3_final_test\seed_142\corruption_20\evaluation_reference\negative_state_sample.csv","11569967","aa92189ba20f0a67f5d96a14672ad61d7919646c7c1ffab59fefd1a478ad92c5"
"phase3_final_test\seed_142\corruption_20\ground_truth\event_gt.csv","126546367","27b8fb6e077f253d88f209c54f3e2cf205ce2fa5dd9604b8926e63df02eb9a87"
"phase3_final_test\seed_142\corruption_20\ground_truth\state_gt.csv","105218561","c3627ba16db9c0b22d6fae515a015efff7b03ab56bf7bee55b23192e0ea15d80"
"phase3_final_test\seed_142\corruption_20\metadata\corruption_summary.csv","183","c9102535429b97eeeea7d99795fea63a43d34d99bae88f6cc2245f8a0bbf5687"
"phase3_final_test\seed_142\corruption_20\metadata\sha256_manifest.csv","693","1186de8de66e95de5ea04634386e0d9a6880d5f400a6987cd40edf6e26452fcc"
"phase3_final_test\seed_142\corruption_20\metadata\validation.csv","300","ef06bdbc7394a7de2d576af9faa62963c94f07f9b5e5b48baccba0e08c5817c5"
"phase3_final_test\seed_142\corruption_20\metadata\variant_distribution.csv","347","fff444aa2296e51cf6af1aecd443f38a7f0e88694c963455e678f7028e5e8629"
"phase3_final_test\seed_142\corruption_20\operational_input\diagnosis.csv","46637785","2bdeb7a5715ae7faa4904bdea00d6bd09e36acb4e0af56eff7fc21097449bf54"
"phase3_final_test\seed_142\corruption_20\operational_input\examination.csv","13996021","fe09fff7d2995ae80cdb6b2792affc60e0ed28fa046daea385bd728b539ca6b6"
"phase3_final_test\seed_142\corruption_20\operational_input\laboratory.csv","235637140","0a83e58011f0dd317296ffdc32644335495c8b582b9d2a1934c9f8a62d719e00"
"phase3_final_test\seed_142\corruption_20\operational_input\medication.csv","82321454","9b26fd3f90dcb485fd28ea9b63daf92f60790dfd9a3b45811622266aa9822e37"
"phase3_final_test\seed_142\corruption_20\operational_input\patient.csv","918161","f3f582e03cd72c1ec32c0f53344e06580aaa8c3d2d14570531c702003e60d6df"
"phase3_final_test\seed_142\corruption_20\operational_input\visit.csv","12492341","2f8094681648d3a0b19f1f434e232681325937e6c4b63d072984332991265224"
"phase3_final_test\seed_242\corruption_20\evaluation_reference\negative_state_sample_summary.csv","699","b42d78a265ad8832be6bff877c780feb063d957561eddc5841e246c2f583e5c1"
"phase3_final_test\seed_242\corruption_20\evaluation_reference\negative_state_sample.csv","11574450","8dad5c3d9c8102bd79630d9ee377debbb3f9b815379d08f23b358526fa347d20"
"phase3_final_test\seed_242\corruption_20\ground_truth\event_gt.csv","126550270","e30d98e252e93883a86302378166a740b0485075fe2b0b73155e1c2ce405ddf9"
"phase3_final_test\seed_242\corruption_20\ground_truth\state_gt.csv","105221233","0447408cebf874f68b6bf4c6563f4a9f6de9009fafe85cdd018a6724ed364810"
"phase3_final_test\seed_242\corruption_20\metadata\corruption_summary.csv","183","14b70a8b2f56a0eb5367a382d68a2e047d972049fec1a1c0c2d1b14921fc2d2b"
"phase3_final_test\seed_242\corruption_20\metadata\sha256_manifest.csv","693","506ae0f81848d684921302c9b41936aaba61fb6a899c383daf4b45015a7d500f"
"phase3_final_test\seed_242\corruption_20\metadata\validation.csv","300","ef06bdbc7394a7de2d576af9faa62963c94f07f9b5e5b48baccba0e08c5817c5"
"phase3_final_test\seed_242\corruption_20\metadata\variant_distribution.csv","347","fff444aa2296e51cf6af1aecd443f38a7f0e88694c963455e678f7028e5e8629"
"phase3_final_test\seed_242\corruption_20\operational_input\diagnosis.csv","46638230","a4ac09580a160e47bba9abb90b950d36ddefba4c40c4ac12da511f667417f3aa"
"phase3_final_test\seed_242\corruption_20\operational_input\examination.csv","13996021","fe09fff7d2995ae80cdb6b2792affc60e0ed28fa046daea385bd728b539ca6b6"
"phase3_final_test\seed_242\corruption_20\operational_input\laboratory.csv","235639423","5edb41b03e2767b7d1f87aea991eb1ed15d040b000cda87a52aae0152f9b0988"
"phase3_final_test\seed_242\corruption_20\operational_input\medication.csv","82321192","0c4450a08680cdc67340dfa185ebdb6246bab0faf0b2c85eff2c6a9d37f8fb14"
"phase3_final_test\seed_242\corruption_20\operational_input\patient.csv","918161","f3f582e03cd72c1ec32c0f53344e06580aaa8c3d2d14570531c702003e60d6df"
"phase3_final_test\seed_242\corruption_20\operational_input\visit.csv","12492341","2f8094681648d3a0b19f1f434e232681325937e6c4b63d072984332991265224"
"phase3_final_test\seed_342\corruption_20\evaluation_reference\negative_state_sample_summary.csv","699","49e5e27b00893b892a48f5ac6d495eb0d1dcecaa01a1285308067ba0957077ea"
"phase3_final_test\seed_342\corruption_20\evaluation_reference\negative_state_sample.csv","11576910","f7c555b567762627e7d9b9c9f460672b8dbf7248b0ae96dd70dcbac33b03a222"
"phase3_final_test\seed_342\corruption_20\ground_truth\event_gt.csv","126561529","8a8187c2896602aaed4bf2e0c90585f4935f9c8fd33184e4f2059b77a50eb305"
"phase3_final_test\seed_342\corruption_20\ground_truth\state_gt.csv","105229516","2113030988c76e657771f49577c8d95a8492271309763d2f45d72f6f010f3004"
"phase3_final_test\seed_342\corruption_20\metadata\corruption_summary.csv","183","7a9e02b637dd6c0813528c3e674207ba6a768df80c22416687b17003dbb6b000"
"phase3_final_test\seed_342\corruption_20\metadata\sha256_manifest.csv","693","f6da26b2e2fb492bab77315d3721a2e2defd5cdd2177a6a39d6494c31f64ba9c"
"phase3_final_test\seed_342\corruption_20\metadata\validation.csv","300","ef06bdbc7394a7de2d576af9faa62963c94f07f9b5e5b48baccba0e08c5817c5"
"phase3_final_test\seed_342\corruption_20\metadata\variant_distribution.csv","347","fff444aa2296e51cf6af1aecd443f38a7f0e88694c963455e678f7028e5e8629"
"phase3_final_test\seed_342\corruption_20\operational_input\diagnosis.csv","46637794","4cdfbf28b600177952b879f1cba9783ed1bf90dde86195a46a9c5de9bd275a7e"
"phase3_final_test\seed_342\corruption_20\operational_input\examination.csv","13996021","fe09fff7d2995ae80cdb6b2792affc60e0ed28fa046daea385bd728b539ca6b6"
"phase3_final_test\seed_342\corruption_20\operational_input\laboratory.csv","235638096","082fac620367220393240d93ddd46142b8ae03d21bd6d15c192fc2e17ac71e17"
"phase3_final_test\seed_342\corruption_20\operational_input\medication.csv","82321082","1bc05e94476f7220dad6fa83ed1fbc00f70a17eed8640fe5c03c6ecba9bd9208"
"phase3_final_test\seed_342\corruption_20\operational_input\patient.csv","918161","f3f582e03cd72c1ec32c0f53344e06580aaa8c3d2d14570531c702003e60d6df"
"phase3_final_test\seed_342\corruption_20\operational_input\visit.csv","12492341","2f8094681648d3a0b19f1f434e232681325937e6c4b63d072984332991265224"
"phase3_final_test\seed_42\corruption_05\evaluation_reference\negative_state_sample_summary.csv","699","338682e82c8cae0416c51a7e1839d7b76db5d3f1611112e128f81921922afe57"
"phase3_final_test\seed_42\corruption_05\evaluation_reference\negative_state_sample.csv","11310898","648513565200356ccbc98d13202b4625747bc4d9902f087753a64d192e790c13"
"phase3_final_test\seed_42\corruption_05\ground_truth\event_gt.csv","31030766","edecd54ced7848f1eeb225412c0a112e67a90d77e2856e622bea18cee92906ae"
"phase3_final_test\seed_42\corruption_05\ground_truth\state_gt.csv","25770480","988c869bf5ea04414220e43ac3d3b9730386fa0a707161776bd07bbcca8d4775"
"phase3_final_test\seed_42\corruption_05\metadata\corruption_summary.csv","180","211584bc661b7ead69bae5c7fb5134915522c469758ec6922d017bccc7c42e34"
"phase3_final_test\seed_42\corruption_05\metadata\phase3f3_gt_exposure_leaks.csv","5","f01a374e9c81e3db89b3a42940c4d6a5447684986a1296e42bf13f196eed6295"
"phase3_final_test\seed_42\corruption_05\metadata\phase3f3_heldout_pilot_validation.csv","1071","979ab39f2d03b4ae370b31c045fab54cabf08621dd8367b156556ff90b2b3ba9"
"phase3_final_test\seed_42\corruption_05\metadata\phase3f3_missing_effective_changes_sample.csv","5","f01a374e9c81e3db89b3a42940c4d6a5447684986a1296e42bf13f196eed6295"
"phase3_final_test\seed_42\corruption_05\metadata\phase3f3_state_value_mismatch_sample.csv","5","f01a374e9c81e3db89b3a42940c4d6a5447684986a1296e42bf13f196eed6295"
"phase3_final_test\seed_42\corruption_05\metadata\phase3f3_unexpected_changes_sample.csv","5","f01a374e9c81e3db89b3a42940c4d6a5447684986a1296e42bf13f196eed6295"
"phase3_final_test\seed_42\corruption_05\metadata\sha256_manifest.csv","688","b0a00211a2aafe4d531d3291b4a4ac56493cd2fb5e1b2895d1ec533e10479e9c"
"phase3_final_test\seed_42\corruption_05\metadata\validation.csv","300","bc2920417f99dab2800c755cec8ded7143e32dff95e996907a3e3623c3498538"
"phase3_final_test\seed_42\corruption_05\metadata\variant_distribution.csv","342","b83b92aa9a2f121a3a23621fce4c705e09d520fc54e0160aefdd40c4d86c0ff5"
"phase3_final_test\seed_42\corruption_05\operational_input\diagnosis.csv","46639419","02911d7e62c66a1c2b4f96ceb599e7a99961712f738ef0d2d52144d9fa39f890"
"phase3_final_test\seed_42\corruption_05\operational_input\examination.csv","13996021","fe09fff7d2995ae80cdb6b2792affc60e0ed28fa046daea385bd728b539ca6b6"
"phase3_final_test\seed_42\corruption_05\operational_input\laboratory.csv","225526196","1f2d614bfda2d750e651b08a49ac5bb01846084c5d1a3b11c3ccee76ef441b7a"
"phase3_final_test\seed_42\corruption_05\operational_input\medication.csv","82830004","466da645bf1d5ed4a300b94f1ea9f3c97c97d23c27d72a5b47a5f48825690f71"
"phase3_final_test\seed_42\corruption_05\operational_input\patient.csv","918161","f3f582e03cd72c1ec32c0f53344e06580aaa8c3d2d14570531c702003e60d6df"
"phase3_final_test\seed_42\corruption_05\operational_input\visit.csv","12492341","2f8094681648d3a0b19f1f434e232681325937e6c4b63d072984332991265224"
"phase3_final_test\seed_42\corruption_20\evaluation_reference\negative_state_sample_summary.csv","699","6edbd5cae2543b127c6733a5ae527e3f0c723c800d5a01ef84420c368b99a6d8"
"phase3_final_test\seed_42\corruption_20\evaluation_reference\negative_state_sample.csv","11375693","0ada1bc8269258515b89305e61ed9a5a731d33b952d43c953a73bbfe8e0a1145"
"phase3_final_test\seed_42\corruption_20\ground_truth\event_gt.csv","124690775","6903f39a33c528c2ff7bb54e8241e4b6e992f81ea6010678265564fd2b764be5"
"phase3_final_test\seed_42\corruption_20\ground_truth\state_gt.csv","103772601","5592cad6dc609e24a7bf9aa7e413c4f1e712f6f740f070aa869a0f65da4ab342"
"phase3_final_test\seed_42\corruption_20\metadata\corruption_summary.csv","182","1ddf3d2caf26e684863b0438cf0c5323f71f95475fe9e216eb82712a7bb24bd1"
"phase3_final_test\seed_42\corruption_20\metadata\sha256_manifest.csv","688","219bf6015f778d33a4e5785be22ff9e8c86fb142348d2f141a58a9855e7bd8e2"
"phase3_final_test\seed_42\corruption_20\metadata\validation.csv","300","ef06bdbc7394a7de2d576af9faa62963c94f07f9b5e5b48baccba0e08c5817c5"
"phase3_final_test\seed_42\corruption_20\metadata\variant_distribution.csv","347","fff444aa2296e51cf6af1aecd443f38a7f0e88694c963455e678f7028e5e8629"
"phase3_final_test\seed_42\corruption_20\operational_input\diagnosis.csv","46638326","e0bf32feeaa997b16596d8322d8f6915e0d78252395ae4be6aae802d4d02e3b3"
"phase3_final_test\seed_42\corruption_20\operational_input\examination.csv","13996021","fe09fff7d2995ae80cdb6b2792affc60e0ed28fa046daea385bd728b539ca6b6"
"phase3_final_test\seed_42\corruption_20\operational_input\laboratory.csv","235635544","a69b974f9cabbb0bddbd3519f22c95cb328d1f73862495b2f217b9f6d4b3ed20"
"phase3_final_test\seed_42\corruption_20\operational_input\medication.csv","82321781","66fea2649565ce9a3989b66c22e768543d742bb6edb9bbd3c466b00e7a670e95"
"phase3_final_test\seed_42\corruption_20\operational_input\patient.csv","918161","f3f582e03cd72c1ec32c0f53344e06580aaa8c3d2d14570531c702003e60d6df"
"phase3_final_test\seed_42\corruption_20\operational_input\visit.csv","12492341","2f8094681648d3a0b19f1f434e232681325937e6c4b63d072984332991265224"
"phase3_final_test\seed_442\corruption_20\evaluation_reference\negative_state_sample_summary.csv","699","29d12b5a4032067d86cf9775b2b210be8ac3b7a7ab140937136939805c88017f"
"phase3_final_test\seed_442\corruption_20\evaluation_reference\negative_state_sample.csv","11574147","4f1df2639f5bf1412592824790d97f5e5348fcb4e30df3e6c202b2f883d79a06"
"phase3_final_test\seed_442\corruption_20\ground_truth\event_gt.csv","126552117","6ac1211bda41a1617dd8e6e12163299442551ca6683b985f223867435f0a5ff9"
"phase3_final_test\seed_442\corruption_20\ground_truth\state_gt.csv","105221583","4c6f4134cee21a6fd207ca80419587c675abf7ce6cd2efbfb828d35ec475be26"
"phase3_final_test\seed_442\corruption_20\metadata\corruption_summary.csv","183","b87b756f4b50d5543b921e272ab68f1451de79400cb382d57cfc0044c8c53199"
"phase3_final_test\seed_442\corruption_20\metadata\sha256_manifest.csv","693","9ed44cce52356e4afb5e4727048749dab65fa2dd8201be9b427ed81fcc580488"
"phase3_final_test\seed_442\corruption_20\metadata\validation.csv","300","ef06bdbc7394a7de2d576af9faa62963c94f07f9b5e5b48baccba0e08c5817c5"
"phase3_final_test\seed_442\corruption_20\metadata\variant_distribution.csv","347","fff444aa2296e51cf6af1aecd443f38a7f0e88694c963455e678f7028e5e8629"
"phase3_final_test\seed_442\corruption_20\operational_input\diagnosis.csv","46637774","812374076e6ad31719f23e0372f628975669b71ba128c06d143a86d7e8434f93"
"phase3_final_test\seed_442\corruption_20\operational_input\examination.csv","13996021","fe09fff7d2995ae80cdb6b2792affc60e0ed28fa046daea385bd728b539ca6b6"
"phase3_final_test\seed_442\corruption_20\operational_input\laboratory.csv","235634469","0007795114c1ac5c6bf923c080635baf7e554980b6fe68f74e4a71ea070b76e5"
"phase3_final_test\seed_442\corruption_20\operational_input\medication.csv","82321638","735c66b9b3b50c86fde6f3317c513c2d069ff57aa6d84b79baf164fd7273427b"
"phase3_final_test\seed_442\corruption_20\operational_input\patient.csv","918161","f3f582e03cd72c1ec32c0f53344e06580aaa8c3d2d14570531c702003e60d6df"
"phase3_final_test\seed_442\corruption_20\operational_input\visit.csv","12492341","2f8094681648d3a0b19f1f434e232681325937e6c4b63d072984332991265224"
"rules\corruption_taxonomy_v1_3.csv","3399","bd75371370fc440040d8b328d6497dfb15b9cf5fec1d37db65c3bfb74f098ac4"
"rules\corruption_variant_split_v1_3.csv","1098","48381b5cfe265f1ab9af58b89ab826ce4910d18ba4c714c845f3b4daef0e5087"
"rules\diagnosis_vocabulary_v1_3.csv","9448","a7c4cbe3e3cdeb095919f66d9bfa8f457c562e73e1f57ebf8154578622f21f6a"
"rules\examination_vocabulary_v1_3.csv","812","d2ee7e2f1091c28e6a27b5c6bc3b6186aaa8ff8164f08f9814637950efa446e6"
"rules\laboratory_vocabulary_v1_3.csv","6788","39d9c710e248e360b68e59d7730268c3558eb128c2357ab8aae8111786cc968e"
"rules\medication_dose_spec_v1_3.csv","11097","ee6cac7710180e4bfee95511f1e4d23f093321dc3daafc77780b83c6397b4e3d"
"rules\medication_vocabulary_v1_3.csv","8843","01e609dcb7f8821ada8d038a7e6a1968117d36c31cf1ecfff530a55c1a74606c"
"rules\phase3_corruption_levels_v1_3.csv","664","80c2de08337616aa29f931333642a2487570f2aab62d467371566c2dd60d4af7"
"rules\phase3_dev_capacity_aware_budget_v1_3.csv","5622","2b186cb7e7b1e6e9e075aa1466e6cae2ecadb7df47fd0258e11e4ca69ed66f21"
"rules\phase3_event_gt_schema_v1_3.csv","446","e9a672fd37205be0767aec161cac300df4521eb90403f5a276fe8563cd029cec"
"rules\phase3_expected_action_definitions_v1_3.csv","525","c63a338ecaa2377985bfc3cd8d9aff4081f033483738a23e6c67899c537e9ef1"
"rules\phase3_final_heldout_capacity_aware_budget_v1_3.csv","1600","a8d0068b6cce1022389c93e14d1b2182cc8cef9c865f3864cc4cb7cb5f5260c3"
"rules\phase3_operational_exposure_policy_v1_3.csv","11154","661f18c0b99e04fd5c4bf1b7ef2bf76a759a33fb5d11a849c899ad4c72f39a2b"
"rules\phase3_seed_plan_v1_3.csv","511","75c6dd2ab3336e0929e32dffa7a7ab380edf571e9ba2b0723ed42c53de9cc60e"
"rules\phase3_state_gt_schema_v1_3.csv","346","e2bcbebf7c22aa28ff9362801b6377c45853f6f673429ba85fc6f49216c8eb92"
"rules\phase4_action_type_definitions_v1_3.csv","456","f31b3aaf3fc63088eb45ab350e1425d70156133bbcbe938d2189f3f4259eb5cf"
"rules\phase4_evaluation_freeze_rules_v1_3.csv","1591","f25ad6ab3d7ffbbf6dcda78e2e16a54229470517b6647cd134268e4b1ec70973"
"rules\phase4_evaluation_metric_protocol_v1_3.csv","3617","70515004e516200ad1078c712e857f67b9cdf71240207c3386a1623679b6a5fb"
"rules\phase4_full_framework_ablation_plan_v1_3.csv","405","e243689a1f2f3bf9288379555b057ae86b0bcb00761844dce065888c13f1e394"
"rules\phase4_full_framework_action_policy_v1_3.csv","648","98fcb6c36d85a61abc34d5b78905e8bfe8d08fafe87b8ff1850620f3e3ccf00a"
"rules\phase4_full_framework_allowed_resources_v1_3.csv","1037","0dceb52f70da4b6627b5c1f3684e552f299cc26e2c2c20437087a38ad87544ff"
"rules\phase4_full_framework_freeze_rules_v1_3.csv","937","a7f12f1be18a6eeb87bef9d1da1f626d24663a08ae303b6d9a2f24cfe8e23639"
"rules\phase4_full_framework_modules_v1_3.csv","1357","2a279a7c7401e73bb9003f3f8372fb1228e0134c80301edcdf63208eebb67164"
"rules\phase4_method_output_contract_v1_3.csv","1199","5179b49bd14d6c4c60398203abd78c3322691787905e164f360c8e6d961c7ff7"
"rules\phase4_negative_state_collateral_rules_v1_3.csv","975","d837ef7a3dc8ef7c93f85428930ae8eff3c6ba275e4ba7da2bff0b8979e202ba"
"rules\phase4_negative_state_field_scope_v1_3.csv","1475","fb378f2c8485af5fe442a987059c81156f71cd87e45e7751b3d69f4fcaca3a3a"
"rules\phase4_negative_state_sampling_config_v1_3.csv","2380","86f4e01e94ccf98e6e9595081333db2b319f7665e3835e4266612c5375635166"
"source_valid\diagnosis.csv","51698481","99c86c5f7405eeec62cb27be2234e917c7181093f75ce15c9801bb048a52054a"
"source_valid\examination.csv","14761473","a8d29a8dbb20dd6d1e4ed1cef9405b59ed2680601ca97e916d4fd3b3574a0e39"
"source_valid\laboratory.csv","236303878","3148d8ec1ee576d287ec39eca0ef838045023a893ef4e4ac7f414321d5c9707e"
"source_valid\medication.csv","111140487","090f92b165bc6f206fab01793ac94c7624663bb5e0d2dfd2fdb93e064b99bf9a"
"source_valid\patient.csv","918161","f3f582e03cd72c1ec32c0f53344e06580aaa8c3d2d14570531c702003e60d6df"
"source_valid\visit.csv","12492341","2f8094681648d3a0b19f1f434e232681325937e6c4b63d072984332991265224"
