scale,replicate,input_rows,elapsed_seconds,peak_rss_gib,complete,action_log_bytes
S10,1,350659,112.63858330000039,1.3719215393066406,True,8000799
S10,2,347296,108.27483989999973,1.4159927368164062,True,7956635
S10,3,340508,103.2978036999998,1.3691444396972656,True,7781413
S25,1,875988,269.2994669999998,1.5152969360351562,True,20116407
S25,2,879501,273.9275487,1.5156898498535156,True,20153395
S25,3,864297,256.67451759999994,1.5573616027832031,True,19795351
S50,1,1743214,472.4272127000004,1.8446693420410156,True,40116933
S50,2,1735305,469.60057659999984,1.9111099243164062,True,39997629
S50,3,1718265,471.75399519999974,1.8425331115722656,True,39467599
S100,1,3427675,835.2589279999993,2.7008056640625,True,79584527
S100,2,3427675,822.7782296000005,2.8174057006835938,True,79584527
S100,3,3427675,834.8666634000001,2.708637237548828,True,79584527
